State,Number BAC=0,Percent BAC=0,Number BAC=0.01-0.09,Percent BAC = 0.01-0.09,Number BAC = 0.10+,Percent BAC = 0.10+,Number Killed in Alcohol Related Crashes,Percent Killed Alcohol Related Crashes,Total Killed in All Accidents,Percent,Year,"Population, US Census",Direct Ship,Beer Per Capita,Wine Per Capita,Spirits Per Capita
AK,37,52,4,6,31,43,35,48,72,100,2005,"666,946",0,1.18,0.20,0.53
AK,70,69,1,1,30,30,31,31,101,100,2004,"659,286",0,1.18,0.20,0.53
AK,60,63,3,4,31,33,35,37,95,100,2003,"648,414",0,1.18,0.20,0.53
AK,52,59,2,2,34,39,35,41,87,100,2002,"642,337",0,1.18,0.20,0.53
AK,80,64,8,6,37,30,44,36,124,100,2001,"633,714",0,1.18,0.20,0.53
AK,50,48,9,9,44,43,53,52,103,100,2000,"627,963",0,1.18,0.20,0.53
AL,708,63,42,4,382,34,423,37,"1,131",100,2005,"4,569,805",0,1.24,0.43,0.99
AL,713,62,48,4,394,34,442,38,"1,154",100,2004,"4,530,729",0,1.32,0.45,0.96
AL,586,59,40,4,376,38,415,41,"1,001",100,2003,"4,503,491",0,1.27,0.37,0.79
AL,620,60,43,4,370,36,413,40,"1,033",100,2002,"4,480,089",0,1.36,0.43,1.08
AL,"1,025",75,39,3,298,22,337,25,"1,362",100,2001,"4,467,634",0,1.34,0.4,0.97
AL,596,60,74,7,326,33,399,40,995,100,2000,"4,452,173",0,1.35,0.37,0.92
AR,415,64,25,4,208,32,233,36,648,100,2005,"2,781,097",0,1.05,0.16,0.58
AR,428,61,40,6,236,33,276,39,704,100,2004,"2,749,686",0,1.07,0.15,0.58
AR,373,59,51,8,203,32,254,41,627,100,2003,"2,724,816",0,1.06,0.14,0.56
AR,398,62,35,5,207,32,242,38,640,100,2002,"2,705,927",0,1.07,0.14,0.53
AR,639,80,35,4,127,16,162,20,801,100,2001,"2,691,571",0,1.06,0.13,0.53
AR,452,69,61,9,139,21,200,31,652,100,2000,"2,678,588",0,1.09,0.12,0.53
AZ,685,58,58,5,434,37,492,42,"1,177",100,2005,"5,839,077",0,1.33,0.39,0.74
AZ,715,62,60,5,376,33,435,38,"1,150",100,2004,"5,652,404",0,1.39,0.33,0.7
AZ,650,58,63,6,408,36,470,42,"1,120",100,2003,"5,510,364",0,1.41,0.37,0.71
AZ,640,57,58,5,420,38,477,43,"1,117",100,2002,"5,396,255",0,1.46,0.33,0.69
AZ,"1,030",73,59,4,316,22,375,27,"1,405",100,2001,"5,273,477",0,1.47,0.33,0.7
AZ,580,56,102,10,354,34,456,44,"1,036",100,2000,"5,160,586",0,1.48,0.31,0.71
CA,"2,610",60,254,6,"1,466",34,"1,719",40,"4,329",100,2005,"35,827,943",0,1.02,0.53,0.68
CA,"2,477",60,276,7,"1,367",33,"1,643",40,"4,120",100,2004,"35,574,576",0,1.06,0.51,0.67
CA,"2,589",61,249,6,"1,378",33,"1,626",39,"4,215",100,2003,"35,253,159",0,1.06,0.5,0.65
CA,"2,466",60,300,7,"1,312",32,"1,612",40,"4,078",100,2002,"34,871,843",0,1.07,0.49,0.63
CA,"4,045",76,251,5,"1,006",19,"1,257",24,"5,302",100,2001,"34,479,458",0,1.08,0.48,0.64
CA,"2,352",63,340,9,"1,061",28,"1,401",37,"3,753",100,2000,"33,987,977",0,1.07,0.48,0.64
CO,362,60,31,5,213,35,244,40,606,100,2005,"4,631,888",0,1.3,0.41,0.99
CO,406,61,34,5,225,34,259,39,665,100,2004,"4,575,013",0,1.3,0.43,0.95
CO,386,61,26,4,221,35,246,39,632,100,2003,"4,528,732",0,1.34,0.4,0.87
CO,435,59,39,5,268,36,307,41,742,100,2002,"4,490,406",0,1.35,0.39,0.9
CO,701,72,51,5,226,23,277,28,978,100,2001,"4,425,687",0,1.42,0.41,0.96
CO,425,62,58,8,198,29,256,38,681,100,2000,"4,326,921",0,1.35,0.37,0.89
CT,154,56,19,7,101,37,120,44,274,100,2005,"3,506,956",0,0.9,0.54,0.79
CT,164,56,15,5,112,38,127,44,291,100,2004,"3,496,094",0,0.92,0.53,0.79
CT,163,55,17,6,114,39,131,45,294,100,2003,"3,484,336",0,0.93,0.52,0.77
CT,182,57,17,5,123,38,140,43,322,100,2002,"3,458,749",0,0.95,0.5,0.74
CT,284,67,21,5,117,28,138,33,422,100,2001,"3,432,835",0,0.95,0.5,0.74
CT,184,54,40,12,119,35,158,46,342,100,2000,"3,411,777",0,0.94,0.49,0.74
DC,22,45,5,11,21,44,26,55,48,100,2005,"567,136",0,1.38,0.92,1.53
DC,26,59,5,12,12,28,18,41,43,100,2004,"567,754",0,1.41,0.94,1.57
DC,33,50,4,6,29,44,34,50,67,100,2003,"568,502",0,1.4,0.9,1.54
DC,22,48,3,5,22,47,25,52,47,100,2002,"573,158",0,1.36,0.84,1.47
DC,55,63,6,7,25,29,32,37,86,100,2001,"574,504",0,1.33,0.82,1.46
DC,30,61,5,10,14,29,19,39,49,100,2000,"572,046",0,1.35,0.7,1.48
DE,68,51,6,5,59,44,66,49,134,100,2005,"845,150",0,1.43,0.59,1.25
DE,83,62,3,2,48,36,51,38,134,100,2004,"830,803",0,1.41,0.57,1.28
DE,82,58,9,6,51,36,60,42,142,100,2003,"818,003",0,1.37,0.56,1.17
DE,73,59,8,6,43,34,51,41,124,100,2002,"806,169",0,1.39,0.52,1.1
DE,132,72,7,4,45,24,51,28,183,100,2001,"795,699",0,1.38,0.49,1.06
DE,63,51,11,9,49,40,60,49,123,100,2000,"786,373",0,1.36,0.48,1.05
FL,"2,072",58,201,6,"1,271",36,"1,471",42,"3,543",100,2005,"17,842,038",0,1.34,0.47,0.91
FL,"2,023",62,169,5,"1,053",32,"1,222",38,"3,244",100,2004,"17,415,318",0,1.35,0.46,0.89
FL,"1,895",60,185,6,"1,089",34,"1,274",40,"3,169",100,2003,"17,004,085",0,1.32,0.44,0.86
FL,"1,856",59,177,6,"1,099",35,"1,276",41,"3,132",100,2002,"16,689,370",0,1.32,0.43,0.84
FL,"3,350",78,159,4,795,18,954,22,"4,304",100,2001,"16,356,966",0,1.33,0.4,0.82
FL,"1,808",60,261,9,930,31,"1,191",40,"2,999",100,2000,"16,047,515",0,1.32,0.4,0.82
GA,"1,184",68,82,5,463,27,545,32,"1,729",100,2005,"8,925,922",0,1.13,0.26,0.63
GA,"1,109",68,75,5,450,28,525,32,"1,634",100,2004,"8,769,252",0,1.17,0.26,0.63
GA,"1,115",70,68,4,420,26,488,30,"1,603",100,2003,"8,622,793",0,1.19,0.26,0.66
GA,994,65,90,6,439,29,529,35,"1,523",100,2002,"8,508,256",0,1.2,0.26,0.65
GA,"1,858",80,88,4,371,16,459,20,"2,317",100,2001,"8,377,038",0,1.19,0.26,0.65
GA,971,63,132,9,438,28,570,37,"1,541",100,2000,"8,227,303",0,1.22,0.26,0.69
HI,69,49,13,9,58,42,71,51,140,100,2005,"1,292,729",0,1.32,0.46,0.74
HI,77,54,13,9,52,37,65,46,142,100,2004,"1,273,569",0,1.39,0.49,0.68
HI,63,47,18,14,54,40,72,53,135,100,2003,"1,251,154",0,1.3,0.42,0.67
HI,69,58,10,8,41,34,50,42,119,100,2002,"1,239,613",0,1.27,0.39,0.62
HI,133,71,10,6,45,24,55,29,188,100,2001,"1,225,948",0,1.3,0.38,0.6
HI,77,59,17,13,37,28,54,41,131,100,2000,"1,213,519",0,1.33,0.39,0.6
IA,332,74,16,4,102,23,118,26,450,100,2005,"2,964,454",0,1.37,0.16,0.6
IA,280,72,19,5,91,23,110,28,390,100,2004,"2,953,635",0,1.37,0.16,0.57
IA,296,67,26,6,119,27,145,33,441,100,2003,"2,941,999",0,1.37,0.15,0.53
IA,273,68,24,6,107,27,131,32,404,100,2002,"2,934,234",0,1.37,0.14,0.51
IA,471,78,29,5,105,17,135,22,605,100,2001,"2,931,997",0,1.36,0.13,0.5
IA,321,72,24,6,100,22,124,28,445,100,2000,"2,929,067",0,1.35,0.13,0.5
ID,186,68,5,2,85,31,89,32,275,100,2005,"1,428,241",0,1.1,0.73,0.61
ID,167,64,12,4,81,31,93,36,260,100,2004,"1,391,802",0,1.12,0.71,0.57
ID,186,63,18,6,90,31,107,37,293,100,2003,"1,363,380",0,1.14,0.64,0.54
ID,173,66,17,7,74,28,91,34,264,100,2002,"1,340,372",0,1.16,0.64,0.53
ID,238,75,12,4,68,21,79,25,317,100,2001,"1,319,962",0,1.14,0.63,0.53
ID,162,59,33,12,81,29,114,41,276,100,2000,"1,299,430",0,1.16,0.65,0.51
IL,781,57,103,8,477,35,580,43,"1,361",100,2005,"12,609,903",0,1.22,0.34,0.7
IL,752,55,87,6,517,38,604,45,"1,356",100,2004,"12,589,773",0,1.22,0.31,0.67
IL,814,56,99,7,539,37,639,44,"1,453",100,2003,"12,556,006",0,1.25,0.35,0.74
IL,763,54,97,7,552,39,648,46,"1,411",100,2002,"12,525,556",0,1.27,0.33,0.65
IL,"1,447",74,86,4,435,22,521,26,"1,968",100,2001,"12,488,445",0,1.27,0.32,0.68
IL,804,57,126,9,489,34,614,43,"1,418",100,2000,"12,434,161",0,1.28,0.32,0.63
IN,618,66,47,5,273,29,320,34,938,100,2005,"6,278,616",0,1.11,0.22,0.68
IN,648,68,45,5,254,27,299,32,947,100,2004,"6,233,007",0,1.14,0.22,0.66
IN,572,69,40,5,223,27,262,31,834,100,2003,"6,196,638",0,1.11,0.21,0.64
IN,523,66,46,6,223,28,269,34,792,100,2002,"6,155,967",0,1.13,0.2,0.6
IN,977,76,55,4,253,20,308,24,"1,285",100,2001,"6,127,760",0,1.15,0.2,0.62
IN,605,69,56,6,214,24,270,31,875,100,2000,"6,091,866",0,1.16,0.21,0.61
KS,277,65,30,7,122,28,151,35,428,100,2005,"2,745,299",0,1.14,0.18,0.57
KS,313,68,27,6,121,26,148,32,461,100,2004,"2,734,373",0,1.13,0.16,0.56
KS,265,56,24,5,182,39,206,44,471,100,2003,"2,723,004",0,1.15,0.17,0.56
KS,283,55,23,5,205,40,229,45,512,100,2002,"2,713,535",0,1.19,0.15,0.54
KS,474,74,24,4,142,22,166,26,640,100,2001,"2,702,162",0,1.12,0.15,0.53
KS,307,67,36,8,118,26,154,33,461,100,2000,"2,693,681",0,1.15,0.15,0.52
KY,672,68,47,5,267,27,313,32,985,100,2005,"4,182,742",0,1.05,0.14,0.61
KY,656,68,39,4,269,28,308,32,964,100,2004,"4,146,101",0,1.07,0.17,0.57
KY,652,70,36,4,240,26,276,30,928,100,2003,"4,117,170",0,1.03,0.15,0.56
KY,614,67,39,4,263,29,301,33,915,100,2002,"4,089,875",0,1.08,0.14,0.54
KY,945,81,32,3,183,16,215,19,"1,160",100,2001,"4,068,132",0,1.04,0.12,0.46
KY,564,69,53,6,203,25,256,31,820,100,2000,"4,049,021",0,1.07,0.14,0.54
LA,561,59,47,5,347,36,394,41,955,100,2005,"4,576,628",0,1.47,0.24,0.72
LA,490,54,69,8,345,38,414,46,904,100,2004,"4,552,238",0,1.39,0.26,0.73
LA,488,55,44,5,363,41,406,45,894,100,2003,"4,521,042",0,1.42,0.25,0.73
LA,462,53,62,7,351,40,413,47,875,100,2002,"4,497,267",0,1.33,0.24,0.71
LA,904,71,60,5,314,25,374,29,"1,278",100,2001,"4,477,875",0,1.49,0.23,0.69
LA,490,52,95,10,352,38,447,48,937,100,2000,"4,471,885",0,1.5,0.22,0.7
MA,271,61,21,5,150,34,171,39,442,100,2005,"6,403,290",0,1.07,0.59,0.85
MA,274,57,22,5,181,38,203,43,476,100,2004,"6,412,281",0,1.1,0.58,0.84
MA,255,55,37,8,170,37,207,45,462,100,2003,"6,422,565",0,1.1,0.56,0.82
MA,238,52,30,6,192,42,221,48,459,100,2002,"6,417,206",0,1.13,0.54,0.8
MA,406,66,30,5,182,29,212,34,618,100,2001,"6,397,634",0,1.12,0.52,0.78
MA,215,50,65,15,153,35,218,50,433,100,2000,"6,361,104",0,1.16,0.51,0.87
MD,379,62,44,7,191,31,235,38,614,100,2005,"5,592,379",0,0.93,0.32,0.85
MD,357,55,55,9,231,36,286,45,643,100,2004,"5,546,935",0,1.03,0.33,0.79
MD,368,57,73,11,208,32,281,43,649,100,2003,"5,496,269",0,1.02,0.32,0.77
MD,394,60,49,7,216,33,265,40,659,100,2002,"5,440,389",0,1.05,0.31,0.75
MD,694,74,57,6,189,20,246,26,940,100,2001,"5,374,691",0,1.06,0.3,0.75
MD,363,62,64,11,161,27,225,38,588,100,2000,"5,311,034",0,1.04,0.3,0.75
ME,110,65,8,5,50,30,59,35,169,100,2005,"1,318,787",0,1.24,0.41,0.77
ME,124,64,11,6,58,30,70,36,194,100,2004,"1,313,688",0,1.24,0.41,0.76
ME,132,64,6,3,69,33,75,36,207,100,2003,"1,306,513",0,1.24,0.39,0.73
ME,165,76,4,2,47,22,51,24,216,100,2002,"1,295,960",0,1.23,0.39,0.69
ME,207,79,5,2,49,19,55,21,262,100,2001,"1,285,692",0,1.2,0.37,0.69
ME,118,70,13,7,38,22,51,30,169,100,2000,"1,277,072",0,1.17,0.39,0.73
MI,708,63,58,5,363,32,421,37,"1,129",100,2005,"10,051,137",0,1.14,0.28,0.75
MI,729,63,64,6,367,32,430,37,"1,159",100,2004,"10,055,315",0,1.15,0.28,0.72
MI,802,63,86,7,395,31,481,37,"1,283",100,2003,"10,041,152",0,1.17,0.26,0.7
MI,787,62,68,5,422,33,490,38,"1,277",100,2002,"10,015,710",0,1.16,0.23,0.68
MI,"1,495",77,70,4,367,19,437,23,"1,932",100,2001,"9,991,120",0,1.19,0.24,0.68
MI,876,63,109,8,397,29,506,37,"1,382",100,2000,"9,952,450",0,1.19,0.24,0.69
MN,358,64,26,5,176,31,201,36,559,100,2005,"5,119,598",0,1.18,0.32,0.96
MN,383,68,14,2,170,30,184,32,567,100,2004,"5,087,713",0,1.23,0.31,0.93
MN,390,59,36,5,231,35,267,41,657,100,2003,"5,053,572",0,1.21,0.29,0.9
MN,402,61,46,7,209,32,255,39,657,100,2002,"5,018,935",0,1.25,0.28,0.87
MN,600,76,32,4,157,20,189,24,789,100,2001,"4,982,796",0,1.25,0.26,0.87
MN,370,59,48,8,207,33,255,41,625,100,2000,"4,933,692",0,1.24,0.26,0.87
MO,742,59,81,6,434,35,515,41,"1,257",100,2005,"5,790,300",0,1.3,0.27,0.72
MO,681,60,62,5,388,34,449,40,"1,130",100,2004,"5,747,741",0,1.32,0.26,0.71
MO,728,59,80,6,425,34,504,41,"1,232",100,2003,"5,709,403",0,1.33,0.26,0.69
MO,683,57,68,6,457,38,525,43,"1,208",100,2002,"5,674,825",0,1.47,0.25,0.67
MO,982,68,83,6,377,26,460,32,"1,442",100,2001,"5,641,142",0,1.34,0.23,0.67
MO,646,56,124,11,387,33,511,44,"1,157",100,2000,"5,607,285",0,1.35,0.23,0.67
MS,560,60,40,4,331,36,371,40,931,100,2005,"2,905,943",0,1.4,0.12,0.65
MS,559,62,23,3,317,35,341,38,900,100,2004,"2,889,010",0,1.39,0.12,0.63
MS,551,63,32,4,288,33,320,37,871,100,2003,"2,868,312",0,1.4,0.12,0.62
MS,553,62,41,5,292,33,332,38,885,100,2002,"2,858,681",0,1.4,0.12,0.61
MS,759,75,29,3,222,22,251,25,"1,010",100,2001,"2,852,994",0,1.39,0.11,0.6
MS,570,60,89,9,289,30,379,40,949,100,2000,"2,848,353",0,1.44,0.09,0.6
MT,127,51,12,5,112,45,124,49,251,100,2005,"940,102",0,1.53,0.35,0.78
MT,124,54,6,3,100,43,106,46,229,100,2004,"930,009",0,1.54,0.34,0.74
MT,134,51,20,8,108,41,128,49,262,100,2003,"919,630",0,1.55,0.33,0.72
MT,143,53,21,8,106,39,127,47,270,100,2002,"911,667",0,1.61,0.33,0.7
MT,174,65,10,4,83,31,93,35,267,100,2001,"906,961",0,1.57,0.3,0.68
MT,127,54,18,8,92,39,110,46,237,100,2000,"903,773",0,1.55,0.29,0.68
NC,985,64,65,4,484,32,549,36,"1,534",100,2005,"8,705,407",0,1.13,0.3,0.54
NC,"1,005",65,57,4,496,32,553,35,"1,557",100,2004,"8,553,152",0,1.17,0.3,0.53
NC,977,64,80,5,474,31,554,36,"1,531",100,2003,"8,422,501",0,1.21,0.27,0.52
NC,974,62,67,4,533,34,601,38,"1,575",100,2002,"8,326,201",0,1.25,0.27,0.5
NC,"1,663",80,68,3,360,17,428,20,"2,091",100,2001,"8,210,122",0,1.23,0.25,0.51
NC,949,64,103,7,419,28,523,36,"1,472",100,2000,"8,081,614",0,1.19,0.23,0.52
ND,65,53,13,10,46,37,58,47,123,100,2005,"646,089",0,1.51,0.19,0.95
ND,61,61,5,5,35,35,39,39,100,100,2004,"644,705",0,1.5,0.18,0.83
ND,53,50,6,5,47,44,52,50,105,100,2003,"638,817",0,1.54,0.17,0.86
ND,49,50,8,8,40,41,48,50,97,100,2002,"638,168",0,1.51,0.16,0.84
ND,83,62,8,6,43,32,50,38,133,100,2001,"639,062",0,1.46,0.15,0.8
ND,45,52,5,6,36,42,41,48,86,100,2000,"642,023",0,1.47,0.15,0.79
NE,185,67,13,5,78,28,91,33,276,100,2005,"1,761,497",0,1.41,0.2,0.68
NE,162,64,14,5,78,31,92,36,254,100,2004,"1,749,370",0,1.43,0.19,0.64
NE,172,59,22,8,99,34,121,41,293,100,2003,"1,738,643",0,1.42,0.18,0.63
NE,190,62,21,7,97,31,117,38,307,100,2002,"1,728,292",0,1.45,0.17,0.61
NE,258,74,17,5,72,21,88,26,346,100,2001,"1,719,836",0,1.43,0.16,0.6
NE,173,63,33,12,70,25,103,37,276,100,2000,"1,713,820",0,1.44,0.17,0.62
NH,106,64,5,3,55,33,60,36,166,100,2005,"1,298,492",0,1.72,0.71,1.68
NH,112,65,8,5,51,30,59,35,171,100,2004,"1,290,121",0,1.71,0.7,1.65
NH,75,59,8,7,43,34,52,41,127,100,2003,"1,279,840",0,1.72,0.7,1.61
NH,76,60,5,4,46,36,51,40,127,100,2002,"1,269,089",0,1.73,0.69,1.63
NH,136,70,15,8,44,23,59,30,195,100,2001,"1,255,517",0,1.74,0.65,1.61
NH,77,61,9,7,40,31,49,39,126,100,2000,"1,239,882",0,1.75,0.56,1.69
NJ,485,65,46,6,217,29,263,35,748,100,2005,"8,651,974",0,0.95,0.51,0.82
NJ,461,63,42,6,227,31,270,37,731,100,2004,"8,634,561",0,0.96,0.52,0.82
NJ,472,63,35,5,240,32,275,37,747,100,2003,"8,601,402",0,0.95,0.5,0.79
NJ,474,61,45,6,254,33,299,39,773,100,2002,"8,552,643",0,0.98,0.49,0.77
NJ,816,76,54,5,206,19,260,24,"1,076",100,2001,"8,492,671",0,0.99,0.47,0.75
NJ,412,56,88,12,231,32,319,44,731,100,2000,"8,430,621",0,0.96,0.47,0.77
NM,299,61,17,3,172,35,189,39,488,100,2005,"1,932,274",0,1.48,0.29,0.67
NM,310,60,26,5,185,36,211,40,521,100,2004,"1,903,808",0,1.45,0.25,0.66
NM,241,55,28,6,170,39,198,45,439,100,2003,"1,877,574",0,1.52,0.27,0.61
NM,234,52,27,6,189,42,215,48,449,100,2002,"1,855,309",0,1.53,0.26,0.61
NM,403,71,29,5,137,24,166,29,569,100,2001,"1,831,690",0,1.54,0.25,0.61
NM,225,52,46,11,159,37,205,48,430,100,2000,"1,821,204",0,1.53,0.25,0.61
NV,268,63,16,4,143,33,159,37,427,100,2005,"2,432,143",0,1.71,0.62,1.23
NV,243,61,20,5,133,34,152,39,395,100,2004,"2,346,222",0,1.75,0.64,1.26
NV,186,50,24,6,159,43,182,50,368,100,2003,"2,248,850",0,1.76,0.62,1.25
NV,210,55,23,6,148,39,171,45,381,100,2002,"2,173,791",0,1.75,0.61,1.24
NV,328,75,19,4,91,21,110,25,438,100,2001,"2,098,399",0,1.81,0.6,1.22
NV,178,55,32,10,112,35,145,45,323,100,2000,"2,018,741",0,1.79,0.62,1.26
NY,905,63,91,6,434,30,524,37,"1,429",100,2005,"19,132,610",0,0.9,0.43,0.64
NY,906,61,93,6,494,33,587,39,"1,493",100,2004,"19,171,567",0,0.91,0.41,0.62
NY,962,65,71,5,458,31,529,35,"1,491",100,2003,"19,175,939",0,0.93,0.4,0.61
NY,"1,044",69,77,5,400,26,478,31,"1,522",100,2002,"19,137,800",0,0.95,0.38,0.59
NY,"1,687",81,77,4,307,15,384,19,"2,071",100,2001,"19,082,838",0,0.96,0.37,0.56
NY,"1,039",71,126,9,293,20,419,29,"1,458",100,2000,"19,001,780",0,0.92,0.38,0.58
OH,818,62,96,7,409,31,505,38,"1,323",100,2005,"11,463,320",0,1.31,0.23,0.43
OH,794,62,75,6,418,32,492,38,"1,286",100,2004,"11,452,251",0,1.33,0.22,0.41
OH,810,63,66,5,402,31,467,37,"1,277",100,2003,"11,434,788",0,1.33,0.22,0.48
OH,856,60,66,5,496,35,562,40,"1,418",100,2002,"11,407,889",0,1.34,0.21,0.47
OH,"1,391",72,84,4,453,24,537,28,"1,928",100,2001,"11,387,404",0,1.33,0.21,0.47
OH,835,62,105,8,411,30,516,38,"1,351",100,2000,"11,363,543",0,1.3,0.19,0.5
OK,519,65,34,4,249,31,283,35,802,100,2005,"3,548,597",0,1.09,0.16,0.55
OK,496,64,34,4,245,32,278,36,774,100,2004,"3,525,233",0,1.1,0.13,0.45
OK,413,62,35,5,220,33,255,38,668,100,2003,"3,504,892",0,1.06,0.13,0.73
OK,485,66,35,5,215,29,249,34,734,100,2002,"3,489,080",0,1.11,0.13,0.58
OK,668,76,31,3,184,21,215,24,883,100,2001,"3,467,100",0,1.11,0.12,0.43
OK,431,66,53,8,169,26,221,34,652,100,2000,"3,454,365",0,1.13,0.12,0.44
OR,311,64,38,8,139,29,177,36,488,100,2005,"3,613,202",0,1.23,0.48,0.74
OR,257,56,40,9,159,35,199,44,456,100,2004,"3,569,463",0,1.22,0.49,0.71
OR,305,60,32,6,175,34,207,40,512,100,2003,"3,547,376",0,1.2,0.47,0.68
OR,257,59,26,6,153,35,179,41,436,100,2002,"3,513,424",0,1.22,0.46,0.66
OR,480,76,30,5,123,19,152,24,632,100,2001,"3,467,937",0,1.22,0.43,0.65
OR,263,58,56,12,132,29,188,42,451,100,2000,"3,429,708",0,1.2,0.44,0.64
PA,980,61,77,5,559,35,636,39,"1,616",100,2005,"12,449,990",0,1.29,0.24,0.55
PA,877,59,72,5,541,36,614,41,"1,490",100,2004,"12,410,722",0,1.3,0.24,0.54
PA,959,61,77,5,542,34,618,39,"1,577",100,2003,"12,374,658",0,1.3,0.23,0.51
PA,958,59,88,5,568,35,656,41,"1,614",100,2002,"12,331,031",0,1.35,0.22,0.49
PA,"1,560",73,80,4,495,23,575,27,"2,135",100,2001,"12,298,970",0,1.32,0.2,0.48
PA,902,59,107,7,511,34,618,41,"1,520",100,2000,"12,284,173",0,1.21,0.21,0.47
RI,44,50,10,11,34,39,43,50,87,100,2005,"1,067,916",0,1.13,0.51,0.81
RI,41,50,1,2,41,49,42,50,83,100,2004,"1,074,579",0,1.12,0.49,0.79
RI,47,45,5,5,52,50,57,55,104,100,2003,"1,071,342",0,1.12,0.51,0.79
RI,38,45,8,9,38,45,46,55,84,100,2002,"1,065,995",0,1.17,0.48,0.73
RI,69,60,8,7,39,34,46,40,115,100,2001,"1,057,142",0,1.19,0.46,0.7
RI,39,49,10,12,31,38,41,51,80,100,2000,"1,050,268",0,1.15,0.46,0.7
SC,629,58,68,6,396,36,464,42,"1,093",100,2005,"4,270,150",0,1.41,0.24,0.76
SC,583,56,51,5,413,39,464,44,"1,046",100,2004,"4,210,921",0,1.44,0.24,0.76
SC,480,50,64,7,423,44,488,50,968,100,2003,"4,150,297",0,1.38,0.23,0.74
SC,502,48,64,6,487,46,551,52,"1,053",100,2002,"4,107,795",0,1.47,0.22,0.67
SC,881,63,77,6,433,31,511,37,"1,391",100,2001,"4,064,995",0,1.45,0.22,0.65
SC,643,60,94,9,329,31,422,40,"1,065",100,2000,"4,024,223",0,1.45,0.22,0.7
SD,106,57,4,2,76,41,80,43,186,100,2005,"775,493",0,1.5,0.19,0.83
SD,111,56,10,5,76,39,86,44,197,100,2004,"770,396",0,1.5,0.18,0.76
SD,105,52,8,4,90,44,98,48,203,100,2003,"763,729",0,1.51,0.16,0.73
SD,88,49,13,7,80,44,92,51,180,100,2002,"760,020",0,1.51,0.16,0.7
SD,149,68,11,5,59,27,70,32,218,100,2001,"757,972",0,1.46,0.15,0.71
SD,92,53,15,9,66,38,81,47,173,100,2000,"755,844",0,1.44,0.15,0.68
TN,806,63,67,5,397,31,464,37,"1,270",100,2005,"5,991,057",0,1.19,0.19,0.55
TN,769,60,65,5,454,35,519,40,"1,288",100,2004,"5,910,809",0,1.21,0.18,0.53
TN,746,63,43,4,404,34,447,37,"1,193",100,2003,"5,847,812",0,1.26,0.18,0.52
TN,704,60,61,5,410,35,471,40,"1,175",100,2002,"5,795,918",0,1.17,0.17,0.51
TN,"1,223",72,77,4,404,24,480,28,"1,703",100,2001,"5,750,789",0,1.13,0.16,0.5
TN,795,61,112,9,399,31,511,39,"1,306",100,2000,"5,703,719",0,1.21,0.15,0.5
TX,"1,935",55,198,6,"1,371",39,"1,569",45,"3,504",100,2005,"22,778,123",0,1.42,0.25,0.53
TX,"1,941",54,225,6,"1,417",40,"1,642",46,"3,583",100,2004,"22,394,023",0,1.45,0.24,0.52
TX,"1,966",53,209,6,"1,500",41,"1,709",47,"3,675",100,2003,"22,030,931",0,1.46,0.23,0.51
TX,"1,980",53,194,5,"1,551",42,"1,745",47,"3,725",100,2002,"21,690,325",0,1.5,0.22,0.5
TX,"3,560",69,221,4,"1,357",26,"1,578",31,"5,138",100,2001,"21,319,622",0,1.51,0.21,0.49
TX,"1,871",50,448,12,"1,450",38,"1,898",50,"3,769",100,2000,"20,944,499",0,1.53,0.22,0.5
UT,245,87,2,1,35,12,37,13,282,100,2005,"2,457,719",0,0.69,0.16,0.41
UT,224,76,1,0,70,24,72,24,296,100,2004,"2,401,580",0,0.75,0.15,0.39
UT,263,85,8,2,39,12,46,15,309,100,2003,"2,360,137",0,0.77,0.15,0.39
UT,255,78,7,2,67,20,73,22,328,100,2002,"2,324,815",0,0.78,0.14,0.39
UT,336,86,9,2,46,12,55,14,391,100,2001,"2,283,715",0,0.76,0.14,0.39
UT,284,76,21,6,68,18,89,24,373,100,2000,"2,244,502",0,0.77,0.11,0.4
VA,600,63,63,7,284,30,347,37,947,100,2005,"7,577,105",1,1.13,0.38,0.55
VA,567,61,52,6,307,33,359,39,925,100,2004,"7,475,575",1,1.14,0.37,0.54
VA,580,61,55,6,309,33,364,39,943,100,2003,"7,366,977",1,1.14,0.36,0.53
VA,544,59,48,5,323,35,371,41,914,100,2002,"7,286,873",0,1.15,0.34,0.51
VA,"1,034",77,49,4,253,19,302,23,"1,336",100,2001,"7,198,362",0,1.15,0.32,0.5
VA,589,63,85,9,257,28,341,37,930,100,2000,"7,105,817",0,1.16,0.31,0.5
VT,44,60,1,2,28,38,29,40,73,100,2005,"621,215",0,1.33,0.56,0.67
VT,66,68,12,12,20,20,32,32,98,100,2004,"619,920",0,1.32,0.54,0.66
VT,41,59,8,11,21,30,29,41,69,100,2003,"617,858",0,1.32,0.51,0.64
VT,51,65,5,6,22,28,27,35,78,100,2002,"615,442",0,1.32,0.49,0.63
VT,90,76,2,2,27,23,29,24,119,100,2001,"612,223",0,1.29,0.47,0.63
VT,48,61,4,5,27,34,31,39,79,100,2000,"609,618",0,1.23,0.47,0.63
WA,353,55,41,6,253,39,294,45,647,100,2005,"6,257,305",0,1.1,0.55,0.68
WA,317,56,23,4,223,40,246,44,563,100,2004,"6,178,645",0,1.04,0.46,0.69
WA,341,57,31,5,228,38,259,43,600,100,2003,"6,104,115",0,1.05,0.46,0.67
WA,361,55,32,5,265,40,298,45,659,100,2002,"6,052,349",0,1.08,0.42,0.65
WA,629,74,39,5,187,22,226,26,855,100,2001,"5,985,722",0,1.08,0.4,0.65
WA,357,56,59,9,217,34,275,44,632,100,2000,"5,910,512",0,1.09,0.41,0.66
WI,446,55,41,5,328,40,369,45,815,100,2005,"5,546,166",0,1.55,0.31,1.07
WI,434,55,40,5,318,40,358,45,792,100,2004,"5,514,026",0,1.52,0.3,1.01
WI,461,54,47,6,340,40,387,46,848,100,2003,"5,479,203",0,1.52,0.29,1
WI,440,55,39,5,325,40,364,45,803,100,2002,"5,445,162",0,1.56,0.28,0.98
WI,702,69,39,4,279,27,318,31,"1,020",100,2001,"5,406,835",0,1.53,0.26,0.95
WI,454,57,57,7,288,36,345,43,799,100,2000,"5,373,999",0,1.54,0.27,0.95
WV,248,66,11,3,116,31,126,34,374,100,2005,"1,820,492",0,1.23,0.1,0.4
WV,275,67,22,5,114,28,136,33,411,100,2004,"1,816,438",0,1.25,0.1,0.39
WV,246,63,22,6,126,32,148,37,394,100,2003,"1,812,295",0,1.23,0.1,0.38
WV,259,59,20,5,160,36,180,41,439,100,2002,"1,805,414",0,1.26,0.1,0.38
WV,382,75,16,3,108,21,125,25,506,100,2001,"1,801,481",0,1.23,0.1,0.37
WV,235,57,26,6,149,36,175,43,410,100,2000,"1,807,021",0,1.18,0.1,0.35
WY,105,62,9,5,56,33,65,38,170,100,2005,"514,157",0,1.21,0.23,0.97
WY,105,64,5,3,54,33,59,36,164,100,2004,"509,106",0,1.41,0.22,0.92
WY,103,62,12,7,50,30,62,38,165,100,2003,"503,453",0,1.69,0.23,0.9
WY,107,61,7,4,62,35,70,39,176,100,2002,"500,017",0,1.46,0.22,0.88
WY,143,69,8,4,55,27,63,31,206,100,2001,"494,657",0,1.43,0.22,0.88
WY,107,70,6,4,40,26,45,30,152,100,2000,"494,300",0,1.42,0.18,0.86
